event_id,user_email,event_type,time_stamp,event_name,event_status
8509934,lucinda.ankunding3@gmail.com,capsule,2021-03-07,computation,stopped
8509939,kavon90@yahoo.com,dataset,2021-06-05,view,failed
8509944,norma_crona19@gmail.com,dataset,2021-07-18,computation,failed
8509949,carter.carroll@yahoo.com,dataset,2021-07-15,create,failed
8509954,darien50@yahoo.com,capsule,2021-08-27,computation,stopped
8509959,rodger_cronin@gmail.com,dataset,2021-04-02,view,failed
8509964,kavon90@yahoo.com,dataset,2021-03-30,computation,completed
8509969,norma_crona19@gmail.com,dataset,2021-02-18,view,stopped
8509974,darien50@yahoo.com,capsule,2021-01-24,create,failed
8509979,myles31@yahoo.com,capsule,2021-08-28,view,failed
8509984,raphael41@yahoo.com,capsule,2021-09-09,create,stopped
8509989,myles31@yahoo.com,dataset,2021-12-25,view,failed
8509994,allen.cormier@yahoo.com,dataset,2021-10-10,create,failed
8509999,cordell_hackett@yahoo.com,capsule,2021-09-22,create,completed
8510004,luisa.bartell@gmail.com,capsule,2021-02-08,computation,stopped
8510009,kenna11@hotmail.com,capsule,2021-06-06,create,completed
8510014,dino99@gmail.com,capsule,2021-01-08,create,completed
8510019,kavon90@yahoo.com,dataset,2021-08-12,view,failed
8510024,gonzalo20@yahoo.com,dataset,2021-05-13,computation,stopped
8510029,sammie.stracke3@gmail.com,capsule,2021-12-04,computation,failed
8510034,sammie.stracke3@gmail.com,capsule,2021-07-14,view,failed
8510039,aileen.muller@hotmail.com,capsule,2021-01-31,create,completed
8510044,luisa.bartell@gmail.com,dataset,2021-04-01,view,completed
8510049,kenna11@hotmail.com,dataset,2021-11-25,computation,completed
8510054,winfield.mcclure50@gmail.com,dataset,2021-07-30,view,completed
8510059,ezekiel95@yahoo.com,dataset,2021-11-16,computation,stopped
8510064,gonzalo20@yahoo.com,dataset,2021-02-24,computation,completed
8510069,sierra22@yahoo.com,dataset,2021-06-24,create,completed
8510074,angelina.block@hotmail.com,dataset,2021-10-09,create,completed
8510079,alexandro.wyman@gmail.com,capsule,2021-07-31,create,stopped
8510084,sierra22@yahoo.com,dataset,2021-11-04,view,stopped
8510089,lucinda.ankunding3@gmail.com,capsule,2021-09-24,create,completed
8510094,chance_murazik90@gmail.com,dataset,2021-01-02,view,stopped
8510099,lucinda.ankunding3@gmail.com,capsule,2021-01-15,view,failed
8510104,dino99@gmail.com,dataset,2021-04-21,computation,completed
8510109,raphael41@yahoo.com,capsule,2021-08-07,view,stopped
8510114,alex_jones@yahoo.com,capsule,2021-09-03,create,completed
8510119,gonzalo20@yahoo.com,dataset,2021-05-17,computation,stopped
8510124,sammie.stracke3@gmail.com,dataset,2021-11-27,computation,failed
8510129,melany45@gmail.com,dataset,2021-02-13,view,completed
8510134,jayde_daugherty@yahoo.com,capsule,2021-10-24,view,completed
8510139,chance_murazik90@gmail.com,capsule,2021-09-30,view,completed
8510144,ambrose.leuschke@hotmail.com,capsule,2021-02-19,computation,stopped
8510149,thelma.herman@hotmail.com,capsule,2021-02-08,computation,completed
8510154,haleigh76@gmail.com,capsule,2021-12-06,view,completed
8510159,ezekiel95@yahoo.com,dataset,2021-11-30,view,stopped
8510164,reece_gorczany38@hotmail.com,capsule,2021-06-17,view,stopped
8510169,luisa.bartell@gmail.com,capsule,2021-04-09,view,failed
8510174,stanford94@yahoo.com,capsule,2021-02-07,create,completed
8510179,kenna11@hotmail.com,dataset,2021-03-22,computation,completed
8510184,cordell_hackett@yahoo.com,capsule,2021-11-28,create,failed
8510189,angelina.block@hotmail.com,dataset,2021-01-08,computation,stopped
8510194,sierra22@yahoo.com,dataset,2021-02-22,computation,stopped
8510199,ezekiel95@yahoo.com,capsule,2021-07-09,view,completed
8510204,cordell_hackett@yahoo.com,capsule,2021-02-16,view,failed
8510209,myles31@yahoo.com,dataset,2021-03-12,computation,stopped
8510214,andy.kshlerin67@gmail.com,dataset,2021-01-04,create,completed
8510219,lucinda.ankunding3@gmail.com,dataset,2021-03-23,view,failed
8510224,nikki.pfeffer33@hotmail.com,capsule,2021-02-07,computation,failed
8510229,luisa.bartell@gmail.com,dataset,2021-09-19,computation,failed
8510234,angelina.block@hotmail.com,dataset,2021-03-11,computation,completed
8510239,reece_gorczany38@hotmail.com,capsule,2021-09-26,create,completed
8510244,ezekiel95@yahoo.com,dataset,2021-06-02,view,completed
8510249,norma_crona19@gmail.com,dataset,2021-01-06,computation,completed
8510254,joanie.crooks60@yahoo.com,dataset,2021-05-07,view,completed
8510259,maximillian_bayer@hotmail.com,capsule,2021-02-19,computation,completed
8510264,andy.kshlerin67@gmail.com,capsule,2021-09-16,view,failed
8510269,myles31@yahoo.com,dataset,2021-11-01,computation,completed
8510274,gonzalo20@yahoo.com,dataset,2021-12-12,create,failed
8510279,aileen.muller@hotmail.com,dataset,2021-03-18,create,stopped
8510284,winfield.mcclure50@gmail.com,dataset,2021-05-25,computation,stopped
8510289,ezekiel95@yahoo.com,capsule,2021-01-18,create,stopped
8510294,kavon90@yahoo.com,capsule,2021-03-18,computation,completed
8510299,ryder.blick@yahoo.com,dataset,2021-03-09,computation,stopped
8510304,ryder.blick@yahoo.com,dataset,2021-01-23,computation,failed
8510309,lucinda.ankunding3@gmail.com,dataset,2021-08-30,create,failed
8510314,kavon90@yahoo.com,capsule,2021-04-26,create,completed
8510319,luisa.bartell@gmail.com,dataset,2021-01-21,create,stopped
8510324,margaretta_langosh86@gmail.com,dataset,2021-03-03,view,failed
8510329,alexandro.wyman@gmail.com,capsule,2021-09-27,view,failed
8510334,haleigh76@gmail.com,capsule,2021-09-26,create,stopped
8510339,joanie.crooks60@yahoo.com,dataset,2021-02-05,computation,completed
8510344,lucinda.ankunding3@gmail.com,dataset,2021-07-16,view,stopped
8510349,monica_botsford8@gmail.com,dataset,2021-10-15,create,failed
8510354,sierra22@yahoo.com,dataset,2021-10-17,create,stopped
8510359,gonzalo20@yahoo.com,capsule,2021-01-25,create,completed
8510364,cordell_hackett@yahoo.com,capsule,2021-07-21,view,stopped
8510369,carter.carroll@yahoo.com,dataset,2021-12-15,computation,completed
8510374,savanah.spinka43@gmail.com,capsule,2021-01-05,view,failed
8510379,cordell_hackett@yahoo.com,dataset,2021-12-30,view,failed
8510384,angelina.block@hotmail.com,dataset,2021-10-01,view,stopped
8510389,brandyn_armstrong91@gmail.com,dataset,2021-02-17,computation,stopped
8510394,alexandro.wyman@gmail.com,dataset,2021-10-04,computation,completed
8510399,melany45@gmail.com,dataset,2021-02-05,create,failed
8510404,fay83@hotmail.com,capsule,2021-10-30,create,completed
8510409,geoffrey.collier@gmail.com,capsule,2021-10-12,view,completed
8510414,alexandro.wyman@gmail.com,dataset,2021-12-06,view,stopped
8510419,kenna11@hotmail.com,capsule,2021-08-19,view,completed
8510424,margaretta_langosh86@gmail.com,capsule,2021-04-15,view,stopped
8510429,lucinda.ankunding3@gmail.com,capsule,2021-02-25,view,stopped
8510434,sammie.stracke3@gmail.com,dataset,2021-02-06,view,failed
8510439,margaretta_langosh86@gmail.com,capsule,2021-02-10,computation,failed
8510444,winfield.mcclure50@gmail.com,capsule,2021-11-07,computation,completed
8510449,winfield.mcclure50@gmail.com,capsule,2021-06-13,computation,stopped
8510454,nelda_ebert@hotmail.com,dataset,2021-05-10,view,completed
8510459,maximillian_bayer@hotmail.com,dataset,2021-12-06,computation,completed
8510464,carmen52@gmail.com,capsule,2021-04-14,computation,completed
8510469,aileen.muller@hotmail.com,capsule,2021-06-08,view,stopped
8510474,darien50@yahoo.com,capsule,2021-10-23,computation,failed
8510479,stanford94@yahoo.com,dataset,2021-11-07,computation,stopped
8510484,ambrose.leuschke@hotmail.com,dataset,2021-02-28,view,stopped
8510489,ashly58@yahoo.com,dataset,2021-02-12,create,stopped
8510494,concepcion.bins@hotmail.com,dataset,2021-04-15,create,stopped
8510499,rodger_cronin@gmail.com,capsule,2021-12-01,create,stopped
8510504,alexzander_kuhic98@hotmail.com,capsule,2021-04-14,view,failed
8510509,joanie.crooks60@yahoo.com,capsule,2021-06-13,view,failed
8510514,reece_gorczany38@hotmail.com,dataset,2021-02-20,computation,failed
8510519,concepcion.bins@hotmail.com,capsule,2021-03-07,create,stopped
8510524,sammie.stracke3@gmail.com,capsule,2021-06-16,view,stopped
8510529,cordell_hackett@yahoo.com,dataset,2021-10-29,computation,stopped
8510534,myles31@yahoo.com,dataset,2021-06-27,computation,stopped
8510539,alexzander_kuhic98@hotmail.com,dataset,2021-01-16,view,completed
8510544,ambrose.leuschke@hotmail.com,dataset,2021-02-19,create,failed
8510549,myles31@yahoo.com,capsule,2021-05-23,computation,completed
8510554,angelina.block@hotmail.com,capsule,2021-01-16,computation,completed
8510559,mckenzie73@gmail.com,capsule,2021-03-15,create,completed
8510564,kavon90@yahoo.com,dataset,2021-07-30,create,failed
8510569,cordell_hackett@yahoo.com,capsule,2021-06-09,computation,stopped
8510574,ashly58@yahoo.com,dataset,2021-08-11,computation,failed
8510579,concepcion.bins@hotmail.com,capsule,2021-02-10,create,failed
8510584,alex_jones@yahoo.com,dataset,2021-07-13,create,stopped
8510589,ryder.blick@yahoo.com,capsule,2021-11-07,view,failed
8510594,monica_botsford8@gmail.com,capsule,2021-06-20,create,failed
8510599,haleigh76@gmail.com,dataset,2021-02-02,view,stopped
8510604,concepcion.bins@hotmail.com,capsule,2021-08-24,create,stopped
8510609,geoffrey.collier@gmail.com,capsule,2021-07-26,create,failed
8510614,gonzalo20@yahoo.com,capsule,2021-11-03,create,failed
8510619,gonzalo20@yahoo.com,dataset,2021-05-07,computation,failed
8510624,raphael41@yahoo.com,capsule,2021-06-16,computation,completed
8510629,rodger_cronin@gmail.com,dataset,2021-02-22,create,stopped
8510634,luisa.bartell@gmail.com,capsule,2021-01-31,computation,failed
8510639,ezekiel95@yahoo.com,capsule,2021-04-25,view,stopped
8510644,geoffrey.collier@gmail.com,capsule,2021-04-30,computation,completed
8510649,aileen.muller@hotmail.com,dataset,2021-02-02,create,failed
8510654,raphael41@yahoo.com,dataset,2021-08-24,view,completed
8510659,luisa.bartell@gmail.com,capsule,2021-01-07,view,failed
8510664,monica_botsford8@gmail.com,capsule,2021-03-30,view,failed
8510669,brandyn_armstrong91@gmail.com,dataset,2021-08-18,computation,failed
8510674,alex_jones@yahoo.com,dataset,2021-11-02,computation,failed
8510679,savanah.spinka43@gmail.com,dataset,2021-12-24,computation,stopped
8510684,ashly58@yahoo.com,dataset,2021-06-02,view,stopped
8510689,gonzalo20@yahoo.com,capsule,2021-04-17,computation,stopped
8510694,joanie.crooks60@yahoo.com,dataset,2021-12-26,view,failed
8510699,andy.kshlerin67@gmail.com,dataset,2021-09-12,create,stopped
8510704,geoffrey.collier@gmail.com,capsule,2021-09-12,view,failed
8510709,carmelo42@hotmail.com,capsule,2021-08-01,create,failed
8510714,winfield.mcclure50@gmail.com,capsule,2021-07-20,view,failed
8510719,dino99@gmail.com,dataset,2021-08-02,computation,failed
8510724,fay83@hotmail.com,capsule,2021-11-02,create,failed
8510729,allen.cormier@yahoo.com,dataset,2021-08-16,view,stopped
8510734,norma_crona19@gmail.com,capsule,2021-06-18,view,completed
8510739,kenna11@hotmail.com,capsule,2021-07-21,create,stopped
8510744,ambrose.leuschke@hotmail.com,dataset,2021-01-04,create,completed
8510749,alexzander_kuhic98@hotmail.com,capsule,2021-11-28,computation,completed
8510754,angelina.block@hotmail.com,capsule,2021-03-16,create,stopped
8510759,mckenzie73@gmail.com,dataset,2021-01-17,create,completed
8510764,margaretta_langosh86@gmail.com,capsule,2021-08-18,view,stopped
8510769,angelina.block@hotmail.com,dataset,2021-02-12,create,completed
8510774,stanford94@yahoo.com,dataset,2021-02-20,view,stopped
8510779,alex_jones@yahoo.com,capsule,2021-08-14,computation,failed
8510784,stanford94@yahoo.com,capsule,2021-08-26,view,stopped
8510789,angelina.block@hotmail.com,capsule,2021-07-02,view,stopped
8510794,concepcion.bins@hotmail.com,dataset,2021-12-14,computation,stopped
8510799,andy.kshlerin67@gmail.com,dataset,2021-12-01,create,completed
8510804,jayde_daugherty@yahoo.com,dataset,2021-01-06,view,completed
8510809,aileen.muller@hotmail.com,dataset,2021-06-27,view,stopped
8510814,destiny.lang@hotmail.com,dataset,2021-10-11,computation,failed
8510819,reece_gorczany38@hotmail.com,capsule,2021-10-11,create,stopped
8510824,norma_crona19@gmail.com,capsule,2021-10-06,view,failed
8510829,sierra22@yahoo.com,capsule,2021-05-09,computation,failed
8510834,winfield.mcclure50@gmail.com,capsule,2021-10-13,create,stopped
8510839,raphael41@yahoo.com,dataset,2021-09-20,view,failed
8510844,brandyn_armstrong91@gmail.com,dataset,2021-09-09,view,failed
8510849,lucinda.ankunding3@gmail.com,capsule,2021-02-13,create,stopped
8510854,myles31@yahoo.com,dataset,2021-11-05,create,failed
8510859,cordell_hackett@yahoo.com,dataset,2021-12-11,computation,failed
8510864,cordell_hackett@yahoo.com,capsule,2021-01-31,computation,stopped
8510869,myles31@yahoo.com,capsule,2021-07-15,view,stopped
8510874,sammie.stracke3@gmail.com,dataset,2021-02-13,view,stopped
8510879,nelda_ebert@hotmail.com,capsule,2021-04-03,view,failed
8510884,maximillian_bayer@hotmail.com,capsule,2021-01-25,view,failed
8510889,alexandro.wyman@gmail.com,capsule,2021-10-27,view,completed
8510894,sierra22@yahoo.com,dataset,2021-06-15,computation,completed
8510899,stanford94@yahoo.com,dataset,2021-03-24,view,failed
8510904,chanel83@gmail.com,dataset,2021-06-02,view,failed
8510909,maximillian_bayer@hotmail.com,capsule,2021-05-28,view,completed
8510914,sierra22@yahoo.com,dataset,2021-09-11,computation,failed
8510919,allen.cormier@yahoo.com,dataset,2021-09-14,view,completed
8510924,angelina.block@hotmail.com,dataset,2021-05-19,computation,completed
8510929,sammie.stracke3@gmail.com,capsule,2021-09-03,computation,completed
8510934,raphael41@yahoo.com,dataset,2021-09-11,view,failed
8510939,nikki.pfeffer33@hotmail.com,dataset,2021-01-18,computation,completed
8510944,monica_botsford8@gmail.com,dataset,2021-06-13,computation,failed
8510949,winfield.mcclure50@gmail.com,capsule,2021-03-24,computation,stopped
8510954,concepcion.bins@hotmail.com,capsule,2021-08-16,create,stopped
8510959,winfield.mcclure50@gmail.com,capsule,2021-10-12,view,failed
8510964,andy.kshlerin67@gmail.com,dataset,2021-08-28,view,completed
8510969,chanel83@gmail.com,dataset,2021-01-24,create,completed
8510974,nikki.pfeffer33@hotmail.com,capsule,2021-04-01,computation,stopped
8510979,destiny.lang@hotmail.com,dataset,2021-11-19,computation,stopped
8510984,angelina.block@hotmail.com,dataset,2021-09-13,create,failed
8510989,allen.cormier@yahoo.com,capsule,2021-10-07,create,failed
8510994,nelda_ebert@hotmail.com,dataset,2021-02-18,view,stopped
8510999,kavon90@yahoo.com,dataset,2021-02-10,computation,failed
8511004,kavon90@yahoo.com,capsule,2021-06-03,view,stopped
8511009,carmen52@gmail.com,dataset,2021-02-24,computation,completed
8511014,melany45@gmail.com,capsule,2021-11-02,create,failed
8511019,jayde_daugherty@yahoo.com,capsule,2021-10-02,computation,failed
8511024,haleigh76@gmail.com,dataset,2021-07-14,create,failed
8511029,mckenzie73@gmail.com,dataset,2021-05-20,computation,completed
8511034,gonzalo20@yahoo.com,dataset,2021-08-07,view,stopped
8511039,ezekiel95@yahoo.com,capsule,2021-03-01,create,failed
8511044,chanel83@gmail.com,dataset,2021-04-14,computation,stopped
8511049,destiny.lang@hotmail.com,dataset,2021-05-15,create,completed
8511054,ryder.blick@yahoo.com,dataset,2021-03-02,computation,completed
8511059,kavon90@yahoo.com,dataset,2021-02-28,computation,completed
8511064,haleigh76@gmail.com,dataset,2021-02-04,create,failed
8511069,norma_crona19@gmail.com,capsule,2021-04-18,computation,failed
8511074,haleigh76@gmail.com,dataset,2021-10-01,view,completed
8511079,chanel83@gmail.com,dataset,2021-09-05,computation,failed
8511084,sierra22@yahoo.com,capsule,2021-09-06,create,completed
8511089,chanel83@gmail.com,capsule,2021-03-17,view,failed
8511094,fay83@hotmail.com,dataset,2021-04-02,create,completed
8511099,sierra22@yahoo.com,dataset,2021-08-29,create,failed
8511104,myles31@yahoo.com,capsule,2021-05-25,create,failed
8511109,nelda_ebert@hotmail.com,dataset,2021-03-22,computation,failed
8511114,melany45@gmail.com,dataset,2021-08-25,view,stopped
8511119,sierra22@yahoo.com,dataset,2021-05-15,create,failed
8511124,cordell_hackett@yahoo.com,capsule,2021-12-23,computation,completed
8511129,stanford94@yahoo.com,dataset,2021-01-04,computation,stopped
8511134,monica_botsford8@gmail.com,capsule,2021-07-01,create,completed
8511139,concepcion.bins@hotmail.com,capsule,2021-02-10,computation,completed
8511144,angelina.block@hotmail.com,dataset,2021-09-16,computation,stopped
8511149,haleigh76@gmail.com,capsule,2021-09-17,create,stopped
8511154,ambrose.leuschke@hotmail.com,dataset,2021-05-25,view,failed
8511159,margaretta_langosh86@gmail.com,dataset,2021-10-10,create,failed
8511164,fay83@hotmail.com,capsule,2021-04-01,computation,stopped
8511169,nikki.pfeffer33@hotmail.com,capsule,2021-05-16,view,completed
8511174,norma_crona19@gmail.com,capsule,2021-07-30,view,stopped
8511179,myles31@yahoo.com,dataset,2021-07-24,create,stopped
8511184,maximillian_bayer@hotmail.com,dataset,2021-08-11,view,failed
8511189,aileen.muller@hotmail.com,dataset,2021-07-27,computation,stopped
8511194,darien50@yahoo.com,capsule,2021-10-09,create,stopped
8511199,carmelo42@hotmail.com,capsule,2021-01-14,create,completed
8511204,geoffrey.collier@gmail.com,dataset,2021-12-29,create,stopped
8511209,savanah.spinka43@gmail.com,capsule,2021-03-14,view,failed
8511214,luisa.bartell@gmail.com,capsule,2021-08-09,view,stopped
8511219,dino99@gmail.com,capsule,2021-05-22,computation,failed
8511224,sierra22@yahoo.com,capsule,2021-02-03,computation,stopped
8511229,monica_botsford8@gmail.com,dataset,2021-12-16,create,completed
8511234,ezekiel95@yahoo.com,dataset,2021-10-18,create,failed
8511239,cordell_hackett@yahoo.com,capsule,2021-12-19,create,stopped
8511244,andy.kshlerin67@gmail.com,capsule,2021-07-01,create,failed
8511249,myles31@yahoo.com,capsule,2021-07-31,view,failed
8511254,angelina.block@hotmail.com,capsule,2021-12-27,view,completed
8511259,haleigh76@gmail.com,dataset,2021-12-18,computation,stopped
8511264,sierra22@yahoo.com,capsule,2021-10-11,create,completed
8511269,carmelo42@hotmail.com,capsule,2021-05-18,create,stopped
8511274,winfield.mcclure50@gmail.com,capsule,2021-12-17,create,stopped
8511279,maximillian_bayer@hotmail.com,capsule,2021-05-11,computation,completed
8511284,norma_crona19@gmail.com,capsule,2021-03-23,view,completed
8511289,destiny.lang@hotmail.com,dataset,2021-02-10,computation,stopped
8511294,chanel83@gmail.com,capsule,2021-03-20,computation,failed
8511299,lucinda.ankunding3@gmail.com,capsule,2021-12-17,view,completed
8511304,carmelo42@hotmail.com,dataset,2021-08-04,create,failed
8511309,mckenzie73@gmail.com,dataset,2021-10-25,computation,failed
8511314,cordell_hackett@yahoo.com,capsule,2021-03-26,computation,failed
8511319,reece_gorczany38@hotmail.com,capsule,2021-04-24,view,failed
8511324,haleigh76@gmail.com,dataset,2021-05-24,create,completed
8511329,joanie.crooks60@yahoo.com,dataset,2021-09-07,create,completed
8511334,concepcion.bins@hotmail.com,dataset,2021-02-21,computation,completed
8511339,maximillian_bayer@hotmail.com,capsule,2021-12-13,create,completed
8511344,carmelo42@hotmail.com,dataset,2021-12-12,computation,completed
8511349,melany45@gmail.com,dataset,2021-01-15,create,failed
8511354,kavon90@yahoo.com,capsule,2021-07-30,computation,failed
8511359,sammie.stracke3@gmail.com,dataset,2021-08-02,computation,stopped
8511364,melany45@gmail.com,dataset,2021-01-15,view,stopped
8511369,stanford94@yahoo.com,dataset,2021-12-24,view,failed
8511374,nelda_ebert@hotmail.com,dataset,2021-06-07,view,completed
8511379,ashly58@yahoo.com,capsule,2021-01-18,view,stopped
8511384,ambrose.leuschke@hotmail.com,capsule,2021-09-30,view,completed
8511389,darien50@yahoo.com,capsule,2021-02-07,create,completed
8511394,carmen52@gmail.com,dataset,2021-12-04,create,stopped
8511399,ashly58@yahoo.com,dataset,2021-12-07,view,failed
8511404,concepcion.bins@hotmail.com,capsule,2021-10-16,computation,failed
8511409,brandyn_armstrong91@gmail.com,capsule,2021-08-31,create,failed
8511414,nelda_ebert@hotmail.com,capsule,2021-10-08,create,failed
8511419,chance_murazik90@gmail.com,dataset,2021-05-28,view,stopped
8511424,concepcion.bins@hotmail.com,dataset,2021-03-23,create,completed
8511429,angelina.block@hotmail.com,dataset,2021-12-10,view,completed
8511434,nikki.pfeffer33@hotmail.com,dataset,2021-12-19,create,failed
8511439,gonzalo20@yahoo.com,capsule,2021-05-02,view,failed
8511444,sierra22@yahoo.com,dataset,2021-04-16,computation,completed
8511449,destiny.lang@hotmail.com,capsule,2021-07-22,view,failed
8511454,monica_botsford8@gmail.com,dataset,2021-08-04,create,completed
8511459,savanah.spinka43@gmail.com,capsule,2021-04-29,create,failed
8511464,jayde_daugherty@yahoo.com,capsule,2021-01-19,view,failed
8511469,kenna11@hotmail.com,dataset,2021-08-28,computation,failed
8511474,sammie.stracke3@gmail.com,dataset,2021-01-05,create,completed
8511479,aileen.muller@hotmail.com,dataset,2021-03-06,computation,completed
8511484,stanford94@yahoo.com,dataset,2021-05-28,computation,completed
8511489,nelda_ebert@hotmail.com,capsule,2021-07-18,create,stopped
8511494,ambrose.leuschke@hotmail.com,dataset,2021-03-24,computation,completed
8511499,fay83@hotmail.com,dataset,2021-12-08,create,failed
8511504,carter.carroll@yahoo.com,capsule,2021-03-07,create,completed
8511509,carter.carroll@yahoo.com,dataset,2021-10-19,computation,failed
8511514,joanie.crooks60@yahoo.com,capsule,2021-09-03,computation,completed
8511519,brandyn_armstrong91@gmail.com,capsule,2021-10-09,view,failed
8511524,kenna11@hotmail.com,capsule,2021-05-11,view,failed
8511529,nikki.pfeffer33@hotmail.com,capsule,2021-06-24,view,stopped
8511534,mckenzie73@gmail.com,dataset,2021-08-01,view,completed
8511539,angelina.block@hotmail.com,capsule,2021-08-27,computation,stopped
8511544,joanie.crooks60@yahoo.com,capsule,2021-01-08,computation,failed
8511549,andy.kshlerin67@gmail.com,capsule,2021-05-03,view,completed
8511554,sammie.stracke3@gmail.com,capsule,2021-04-29,computation,stopped
8511559,lucinda.ankunding3@gmail.com,dataset,2021-01-10,view,completed
8511564,angelina.block@hotmail.com,capsule,2021-06-25,computation,completed
8511569,andy.kshlerin67@gmail.com,dataset,2021-12-06,computation,stopped
8511574,nikki.pfeffer33@hotmail.com,capsule,2021-05-25,create,stopped
8511579,alexandro.wyman@gmail.com,capsule,2021-07-08,computation,stopped
8511584,ryder.blick@yahoo.com,capsule,2021-10-16,computation,completed
8511589,winfield.mcclure50@gmail.com,dataset,2021-08-06,view,failed
8511594,margaretta_langosh86@gmail.com,capsule,2021-02-13,view,failed
8511599,stanford94@yahoo.com,capsule,2021-01-29,create,failed
8511604,ezekiel95@yahoo.com,dataset,2021-03-16,view,stopped
8511609,brandyn_armstrong91@gmail.com,dataset,2021-01-25,computation,stopped
8511614,ashly58@yahoo.com,dataset,2021-07-27,computation,stopped
8511619,geoffrey.collier@gmail.com,capsule,2021-08-30,computation,stopped
8511624,carmen52@gmail.com,dataset,2021-09-17,computation,failed
8511629,mckenzie73@gmail.com,capsule,2021-01-11,computation,failed
8511634,chanel83@gmail.com,capsule,2021-03-28,create,stopped
8511639,myles31@yahoo.com,capsule,2021-01-05,view,failed
8511644,alexzander_kuhic98@hotmail.com,capsule,2021-06-05,create,stopped
8511649,haleigh76@gmail.com,dataset,2021-05-09,view,stopped
8511654,alexandro.wyman@gmail.com,capsule,2021-09-23,view,failed
8511659,myles31@yahoo.com,capsule,2021-12-16,create,failed
8511664,monica_botsford8@gmail.com,capsule,2021-11-23,view,stopped
8511669,sierra22@yahoo.com,capsule,2021-10-03,view,stopped
8511674,chanel83@gmail.com,capsule,2021-09-09,create,completed
8511679,myles31@yahoo.com,dataset,2021-08-10,computation,failed
8511684,mckenzie73@gmail.com,dataset,2021-05-02,view,completed
8511689,dino99@gmail.com,capsule,2021-04-01,computation,failed
8511694,reece_gorczany38@hotmail.com,capsule,2021-04-20,create,stopped
8511699,cordell_hackett@yahoo.com,capsule,2021-10-24,computation,stopped
8511704,haleigh76@gmail.com,dataset,2021-04-17,view,completed
8511709,haleigh76@gmail.com,capsule,2021-09-25,create,failed
8511714,joanie.crooks60@yahoo.com,capsule,2021-03-19,computation,failed
8511719,carmen52@gmail.com,dataset,2021-04-18,computation,completed
8511724,brandyn_armstrong91@gmail.com,dataset,2021-12-26,view,stopped
8511729,brandyn_armstrong91@gmail.com,capsule,2021-12-04,computation,stopped
8511734,margaretta_langosh86@gmail.com,dataset,2021-06-21,view,completed
8511739,stanford94@yahoo.com,capsule,2021-05-25,computation,completed
8511744,kavon90@yahoo.com,capsule,2021-05-24,create,completed
8511749,carmelo42@hotmail.com,capsule,2021-04-20,create,failed
8511754,melany45@gmail.com,capsule,2021-07-25,computation,failed
8511759,destiny.lang@hotmail.com,dataset,2021-01-31,view,failed
8511764,geoffrey.collier@gmail.com,capsule,2021-01-11,view,completed
8511769,melany45@gmail.com,dataset,2021-09-30,view,failed
8511774,geoffrey.collier@gmail.com,dataset,2021-08-27,computation,completed
8511779,aileen.muller@hotmail.com,capsule,2021-12-12,create,failed
8511784,alexzander_kuhic98@hotmail.com,dataset,2021-11-13,create,failed
8511789,myles31@yahoo.com,dataset,2021-09-14,computation,stopped
8511794,margaretta_langosh86@gmail.com,capsule,2021-12-20,computation,stopped
8511799,ambrose.leuschke@hotmail.com,capsule,2021-12-17,create,failed
8511804,haleigh76@gmail.com,capsule,2021-05-18,view,failed
8511809,kenna11@hotmail.com,capsule,2021-05-17,create,completed
8511814,myles31@yahoo.com,capsule,2021-01-13,computation,stopped
8511819,maximillian_bayer@hotmail.com,capsule,2021-10-28,view,completed
8511824,joanie.crooks60@yahoo.com,capsule,2021-07-25,view,failed
8511829,gonzalo20@yahoo.com,dataset,2021-03-23,computation,completed
8511834,reece_gorczany38@hotmail.com,dataset,2021-03-26,view,stopped
8511839,jayde_daugherty@yahoo.com,dataset,2021-09-19,computation,stopped
8511844,luisa.bartell@gmail.com,capsule,2021-03-09,create,stopped
8511849,savanah.spinka43@gmail.com,dataset,2021-04-07,view,completed
8511854,melany45@gmail.com,dataset,2021-11-30,computation,failed
8511859,maximillian_bayer@hotmail.com,dataset,2021-09-18,create,completed
8511864,norma_crona19@gmail.com,dataset,2021-03-10,view,stopped
8511869,savanah.spinka43@gmail.com,capsule,2021-03-19,computation,failed
8511874,reece_gorczany38@hotmail.com,capsule,2021-03-22,computation,failed
8511879,savanah.spinka43@gmail.com,capsule,2021-09-11,create,failed
8511884,ryder.blick@yahoo.com,capsule,2021-12-10,create,completed
8511889,andy.kshlerin67@gmail.com,dataset,2021-12-21,create,stopped
8511894,alexandro.wyman@gmail.com,dataset,2021-08-17,computation,stopped
8511899,alexandro.wyman@gmail.com,capsule,2021-08-06,computation,stopped
8511904,melany45@gmail.com,dataset,2021-10-06,create,stopped
8511909,carter.carroll@yahoo.com,capsule,2021-06-19,create,completed
8511914,dino99@gmail.com,capsule,2021-06-14,view,stopped
8511919,myles31@yahoo.com,capsule,2021-08-16,create,completed
8511924,kenna11@hotmail.com,dataset,2021-04-17,view,failed
8511929,ambrose.leuschke@hotmail.com,capsule,2021-07-18,view,stopped
8511934,nelda_ebert@hotmail.com,capsule,2021-08-19,create,completed
8511939,chance_murazik90@gmail.com,dataset,2021-11-27,view,failed
8511944,cordell_hackett@yahoo.com,dataset,2021-07-04,view,failed
8511949,alex_jones@yahoo.com,capsule,2021-07-08,computation,completed
8511954,alex_jones@yahoo.com,capsule,2021-11-08,create,completed
8511959,reece_gorczany38@hotmail.com,dataset,2021-08-28,create,stopped
8511964,ambrose.leuschke@hotmail.com,dataset,2021-03-10,computation,stopped
8511969,sammie.stracke3@gmail.com,capsule,2021-06-15,computation,failed
8511974,winfield.mcclure50@gmail.com,dataset,2021-03-04,view,completed
8511979,concepcion.bins@hotmail.com,dataset,2021-09-21,create,failed
8511984,joanie.crooks60@yahoo.com,capsule,2021-04-23,view,failed
8511989,alexzander_kuhic98@hotmail.com,dataset,2021-12-08,create,stopped
8511994,chance_murazik90@gmail.com,dataset,2021-05-27,view,failed
8511999,lucinda.ankunding3@gmail.com,dataset,2021-10-03,create,failed
8512004,jayde_daugherty@yahoo.com,dataset,2021-11-17,view,stopped
8512009,haleigh76@gmail.com,dataset,2021-05-25,computation,failed
8512014,cordell_hackett@yahoo.com,dataset,2021-09-03,create,completed
8512019,raphael41@yahoo.com,capsule,2021-01-14,create,failed
8512024,lucinda.ankunding3@gmail.com,dataset,2021-03-31,create,stopped
8512029,savanah.spinka43@gmail.com,capsule,2021-11-05,computation,completed
8512034,destiny.lang@hotmail.com,dataset,2021-03-09,create,completed
8512039,darien50@yahoo.com,capsule,2021-05-23,view,completed
8512044,carmen52@gmail.com,dataset,2021-01-18,view,completed
8512049,concepcion.bins@hotmail.com,dataset,2021-05-21,create,completed
8512054,rodger_cronin@gmail.com,dataset,2021-12-23,create,failed
8512059,reece_gorczany38@hotmail.com,dataset,2021-11-07,view,failed
8512064,chanel83@gmail.com,dataset,2021-11-27,view,failed
8512069,nikki.pfeffer33@hotmail.com,capsule,2021-10-19,create,failed
8512074,carter.carroll@yahoo.com,capsule,2021-06-16,computation,failed
8512079,haleigh76@gmail.com,capsule,2021-12-30,create,stopped
8512084,andy.kshlerin67@gmail.com,capsule,2021-08-27,computation,completed
8512089,margaretta_langosh86@gmail.com,dataset,2021-11-16,create,failed
8512094,darien50@yahoo.com,capsule,2021-11-13,view,completed
8512099,dino99@gmail.com,capsule,2021-05-03,create,failed
8512104,mckenzie73@gmail.com,dataset,2021-11-15,create,stopped
8512109,luisa.bartell@gmail.com,capsule,2021-08-17,create,stopped
8512114,joanie.crooks60@yahoo.com,dataset,2021-01-24,create,completed
8512119,nelda_ebert@hotmail.com,capsule,2021-09-11,create,stopped
8512124,brandyn_armstrong91@gmail.com,dataset,2021-07-19,view,stopped
8512129,melany45@gmail.com,capsule,2021-08-03,computation,stopped
8512134,gonzalo20@yahoo.com,capsule,2021-10-16,computation,stopped
8512139,angelina.block@hotmail.com,dataset,2021-09-14,computation,failed
8512144,thelma.herman@hotmail.com,capsule,2021-06-04,create,stopped
8512149,alexzander_kuhic98@hotmail.com,dataset,2021-04-04,computation,stopped
8512154,darien50@yahoo.com,capsule,2021-06-04,view,stopped
8512159,gonzalo20@yahoo.com,capsule,2021-03-04,create,failed
8512164,haleigh76@gmail.com,capsule,2021-02-13,computation,stopped
8512169,carter.carroll@yahoo.com,capsule,2021-06-05,view,failed
8512174,alexzander_kuhic98@hotmail.com,dataset,2021-07-11,computation,failed
8512179,stanford94@yahoo.com,capsule,2021-03-16,create,completed
8512184,brandyn_armstrong91@gmail.com,capsule,2021-04-19,computation,stopped
8512189,myles31@yahoo.com,dataset,2021-10-23,create,completed
8512194,sammie.stracke3@gmail.com,capsule,2021-05-03,view,completed
8512199,fay83@hotmail.com,dataset,2021-04-04,computation,failed
8512204,norma_crona19@gmail.com,capsule,2021-02-10,create,failed
8512209,andy.kshlerin67@gmail.com,capsule,2021-10-14,view,failed
8512214,monica_botsford8@gmail.com,capsule,2021-02-18,computation,completed
8512219,ezekiel95@yahoo.com,dataset,2021-08-19,create,failed
8512224,geoffrey.collier@gmail.com,dataset,2021-03-11,create,stopped
8512229,raphael41@yahoo.com,dataset,2021-05-05,create,failed
8512234,brandyn_armstrong91@gmail.com,dataset,2021-03-11,computation,stopped
8512239,myles31@yahoo.com,dataset,2021-07-21,view,failed
8512244,myles31@yahoo.com,capsule,2021-08-01,view,stopped
8512249,gonzalo20@yahoo.com,capsule,2021-01-22,view,completed
8512254,thelma.herman@hotmail.com,dataset,2021-11-29,computation,stopped
8512259,lucinda.ankunding3@gmail.com,dataset,2021-11-01,create,completed
8512264,ryder.blick@yahoo.com,capsule,2021-06-05,create,failed
8512269,lucinda.ankunding3@gmail.com,dataset,2021-12-26,view,completed
8512274,myles31@yahoo.com,capsule,2021-07-26,view,completed
8512279,sierra22@yahoo.com,capsule,2021-05-18,computation,failed
8512284,kavon90@yahoo.com,dataset,2021-02-05,view,failed
8512289,aileen.muller@hotmail.com,capsule,2021-10-06,create,stopped
8512294,winfield.mcclure50@gmail.com,capsule,2021-01-24,computation,completed
8512299,lucinda.ankunding3@gmail.com,capsule,2021-04-02,create,failed
8512304,melany45@gmail.com,dataset,2021-09-25,create,completed
8512309,ambrose.leuschke@hotmail.com,capsule,2021-01-27,computation,completed
8512314,mckenzie73@gmail.com,capsule,2021-08-03,create,stopped
8512319,margaretta_langosh86@gmail.com,dataset,2021-05-05,computation,stopped
8512324,darien50@yahoo.com,dataset,2021-04-17,create,completed
8512329,thelma.herman@hotmail.com,dataset,2021-07-02,computation,failed
8512334,carter.carroll@yahoo.com,capsule,2021-03-20,view,failed
8512339,reece_gorczany38@hotmail.com,capsule,2021-05-18,create,failed
8512344,darien50@yahoo.com,dataset,2021-06-11,computation,stopped
8512349,dino99@gmail.com,dataset,2021-08-29,view,completed
8512354,nikki.pfeffer33@hotmail.com,capsule,2021-11-17,computation,stopped
8512359,monica_botsford8@gmail.com,capsule,2021-03-29,create,failed
8512364,nikki.pfeffer33@hotmail.com,dataset,2021-07-24,create,stopped
8512369,raphael41@yahoo.com,dataset,2021-11-02,computation,completed
8512374,nikki.pfeffer33@hotmail.com,capsule,2021-01-15,create,completed
8512379,brandyn_armstrong91@gmail.com,dataset,2021-10-10,computation,stopped
8512384,stanford94@yahoo.com,dataset,2021-08-31,create,completed
8512389,geoffrey.collier@gmail.com,capsule,2021-08-07,create,completed
8512394,savanah.spinka43@gmail.com,dataset,2021-10-03,computation,completed
8512399,darien50@yahoo.com,capsule,2021-08-23,computation,stopped
8512404,angelina.block@hotmail.com,dataset,2021-08-10,view,failed
8512409,mckenzie73@gmail.com,capsule,2021-03-22,create,failed
8512414,savanah.spinka43@gmail.com,dataset,2021-06-30,view,completed
8512419,ryder.blick@yahoo.com,capsule,2021-05-09,create,stopped
8512424,margaretta_langosh86@gmail.com,capsule,2021-08-06,computation,failed
8512429,alexandro.wyman@gmail.com,capsule,2021-10-10,computation,stopped
8512434,cordell_hackett@yahoo.com,dataset,2021-05-22,create,completed
8512439,darien50@yahoo.com,dataset,2021-07-29,computation,completed
8512444,ezekiel95@yahoo.com,capsule,2021-11-11,create,failed
8512449,kavon90@yahoo.com,capsule,2021-10-11,create,stopped
8512454,mckenzie73@gmail.com,capsule,2021-10-15,create,failed
8512459,carmen52@gmail.com,dataset,2021-10-01,view,completed
8512464,kavon90@yahoo.com,capsule,2021-06-15,create,failed
8512469,nikki.pfeffer33@hotmail.com,capsule,2021-11-02,computation,failed
8512474,concepcion.bins@hotmail.com,dataset,2021-07-31,computation,completed
8512479,allen.cormier@yahoo.com,dataset,2021-05-04,create,failed
8512484,carmen52@gmail.com,capsule,2021-08-21,view,stopped
8512489,joanie.crooks60@yahoo.com,capsule,2021-12-22,create,stopped
8512494,geoffrey.collier@gmail.com,capsule,2021-07-09,view,completed
8512499,fay83@hotmail.com,capsule,2021-06-29,computation,completed
8512504,allen.cormier@yahoo.com,capsule,2021-12-01,computation,completed
8512509,carmen52@gmail.com,dataset,2021-02-24,computation,completed
8512514,mckenzie73@gmail.com,dataset,2021-12-12,create,stopped
8512519,darien50@yahoo.com,capsule,2021-02-01,computation,failed
8512524,carter.carroll@yahoo.com,capsule,2021-02-02,create,failed
8512529,maximillian_bayer@hotmail.com,capsule,2021-12-14,view,completed
8512534,concepcion.bins@hotmail.com,dataset,2021-02-15,computation,failed
8512539,kenna11@hotmail.com,dataset,2021-10-30,view,failed
8512544,angelina.block@hotmail.com,capsule,2021-12-15,create,failed
8512549,monica_botsford8@gmail.com,dataset,2021-04-13,computation,failed
8512554,ambrose.leuschke@hotmail.com,capsule,2021-06-18,create,stopped
8512559,gonzalo20@yahoo.com,dataset,2021-11-09,view,completed
8512564,ezekiel95@yahoo.com,capsule,2021-11-02,computation,failed
8512569,carmen52@gmail.com,dataset,2021-02-18,computation,completed
8512574,jayde_daugherty@yahoo.com,dataset,2021-01-01,create,stopped
8512579,chance_murazik90@gmail.com,capsule,2021-05-10,computation,stopped
8512584,concepcion.bins@hotmail.com,dataset,2021-07-15,view,completed
8512589,carter.carroll@yahoo.com,dataset,2021-05-12,view,stopped
8512594,aileen.muller@hotmail.com,capsule,2021-07-03,view,completed
8512599,margaretta_langosh86@gmail.com,dataset,2021-07-04,computation,completed
8512604,dino99@gmail.com,dataset,2021-03-13,view,stopped
8512609,savanah.spinka43@gmail.com,dataset,2021-06-10,view,failed
8512614,ashly58@yahoo.com,capsule,2021-04-17,computation,completed
8512619,andy.kshlerin67@gmail.com,capsule,2021-07-28,create,completed
8512624,andy.kshlerin67@gmail.com,capsule,2021-02-02,view,failed
8512629,joanie.crooks60@yahoo.com,capsule,2021-01-03,view,failed
8512634,cordell_hackett@yahoo.com,capsule,2021-06-29,computation,completed
8512639,gonzalo20@yahoo.com,capsule,2021-02-08,create,completed
8512644,darien50@yahoo.com,capsule,2021-09-23,view,stopped
8512649,reece_gorczany38@hotmail.com,dataset,2021-06-15,view,stopped
8512654,margaretta_langosh86@gmail.com,dataset,2021-09-22,computation,completed
8512659,lucinda.ankunding3@gmail.com,capsule,2021-06-05,view,completed
8512664,haleigh76@gmail.com,capsule,2021-06-11,create,failed
8512669,sammie.stracke3@gmail.com,dataset,2021-08-18,computation,completed
8512674,savanah.spinka43@gmail.com,dataset,2021-06-25,create,completed
8512679,jayde_daugherty@yahoo.com,dataset,2021-03-09,computation,failed
8512684,cordell_hackett@yahoo.com,capsule,2021-03-21,computation,stopped
8512689,winfield.mcclure50@gmail.com,dataset,2021-01-04,view,stopped
8512694,kenna11@hotmail.com,capsule,2021-10-12,create,completed
8512699,concepcion.bins@hotmail.com,capsule,2021-12-26,create,stopped
8512704,fay83@hotmail.com,capsule,2021-04-24,computation,stopped
8512709,myles31@yahoo.com,dataset,2021-10-29,create,completed
8512714,ryder.blick@yahoo.com,dataset,2021-12-23,create,completed
8512719,thelma.herman@hotmail.com,capsule,2021-04-28,create,stopped
8512724,jayde_daugherty@yahoo.com,dataset,2021-04-10,computation,failed
8512729,chance_murazik90@gmail.com,capsule,2021-09-10,create,failed
8512734,lucinda.ankunding3@gmail.com,capsule,2021-03-07,create,completed
8512739,margaretta_langosh86@gmail.com,capsule,2021-06-25,computation,failed
8512744,haleigh76@gmail.com,dataset,2021-06-12,computation,completed
8512749,ambrose.leuschke@hotmail.com,dataset,2021-01-30,view,stopped
8512754,darien50@yahoo.com,capsule,2021-08-14,computation,failed
8512759,reece_gorczany38@hotmail.com,capsule,2021-10-02,view,failed
8512764,mckenzie73@gmail.com,capsule,2021-06-06,computation,failed
8512769,andy.kshlerin67@gmail.com,dataset,2021-04-29,create,completed
8512774,concepcion.bins@hotmail.com,capsule,2021-12-19,view,stopped
8512779,aileen.muller@hotmail.com,capsule,2021-05-04,computation,stopped
8512784,maximillian_bayer@hotmail.com,capsule,2021-07-24,computation,failed
8512789,thelma.herman@hotmail.com,dataset,2021-03-19,view,failed
8512794,dino99@gmail.com,dataset,2021-02-27,view,completed
8512799,geoffrey.collier@gmail.com,capsule,2021-11-03,create,stopped
8512804,haleigh76@gmail.com,dataset,2021-04-06,view,stopped
8512809,destiny.lang@hotmail.com,capsule,2021-09-07,computation,completed
8512814,raphael41@yahoo.com,capsule,2021-06-23,view,completed
8512819,alexzander_kuhic98@hotmail.com,capsule,2021-12-03,create,completed
8512824,norma_crona19@gmail.com,dataset,2021-05-01,create,stopped
8512829,melany45@gmail.com,capsule,2021-10-10,computation,completed
8512834,luisa.bartell@gmail.com,capsule,2021-06-23,create,stopped
8512839,nikki.pfeffer33@hotmail.com,dataset,2021-10-23,view,stopped
8512844,alex_jones@yahoo.com,dataset,2021-09-01,create,stopped
8512849,gonzalo20@yahoo.com,capsule,2021-08-13,view,completed
8512854,angelina.block@hotmail.com,dataset,2021-02-15,create,failed
8512859,margaretta_langosh86@gmail.com,capsule,2021-09-27,computation,completed
8512864,angelina.block@hotmail.com,capsule,2021-06-29,computation,completed
8512869,cordell_hackett@yahoo.com,capsule,2021-10-22,create,stopped
8512874,andy.kshlerin67@gmail.com,capsule,2021-03-03,computation,completed
8512879,fay83@hotmail.com,dataset,2021-12-14,create,failed
8512884,monica_botsford8@gmail.com,dataset,2021-10-11,view,completed
8512889,winfield.mcclure50@gmail.com,dataset,2021-11-14,create,stopped
8512894,aileen.muller@hotmail.com,dataset,2021-05-11,view,stopped
8512899,allen.cormier@yahoo.com,capsule,2021-11-26,view,failed
8512904,alexandro.wyman@gmail.com,capsule,2021-09-27,view,completed
8512909,kenna11@hotmail.com,capsule,2021-02-23,create,stopped
8512914,destiny.lang@hotmail.com,capsule,2021-05-18,view,completed
8512919,gonzalo20@yahoo.com,capsule,2021-07-09,computation,failed
8512924,jayde_daugherty@yahoo.com,dataset,2021-10-18,view,failed
8512929,raphael41@yahoo.com,capsule,2021-12-31,create,failed
8512934,cordell_hackett@yahoo.com,dataset,2021-08-04,computation,completed
8512939,alex_jones@yahoo.com,capsule,2021-06-22,computation,completed
8512944,jayde_daugherty@yahoo.com,dataset,2021-11-07,view,failed
8512949,myles31@yahoo.com,dataset,2021-08-07,view,stopped
8512954,chanel83@gmail.com,capsule,2021-04-26,computation,completed
8512959,dino99@gmail.com,dataset,2021-03-13,create,failed
8512964,angelina.block@hotmail.com,capsule,2021-10-21,view,stopped
8512969,fay83@hotmail.com,dataset,2021-12-17,view,stopped
8512974,dino99@gmail.com,capsule,2021-09-10,computation,completed
8512979,margaretta_langosh86@gmail.com,capsule,2021-07-21,view,stopped
8512984,reece_gorczany38@hotmail.com,capsule,2021-01-18,computation,stopped
8512989,nelda_ebert@hotmail.com,dataset,2021-08-26,view,stopped
8512994,carmelo42@hotmail.com,dataset,2021-07-11,view,stopped
8512999,chance_murazik90@gmail.com,dataset,2021-06-02,create,stopped
8513004,ryder.blick@yahoo.com,capsule,2021-05-28,create,completed
8513009,alexandro.wyman@gmail.com,capsule,2021-07-15,view,completed
8513014,norma_crona19@gmail.com,capsule,2021-01-13,view,stopped
8513019,carmen52@gmail.com,dataset,2021-02-07,computation,failed
8513024,geoffrey.collier@gmail.com,dataset,2021-06-19,computation,stopped
8513029,geoffrey.collier@gmail.com,capsule,2021-05-19,computation,completed
8513034,lucinda.ankunding3@gmail.com,capsule,2021-09-17,computation,failed
8513039,maximillian_bayer@hotmail.com,dataset,2021-07-15,view,stopped
8513044,raphael41@yahoo.com,dataset,2021-12-31,create,failed
8513049,gonzalo20@yahoo.com,dataset,2021-06-14,view,completed
8513054,alexzander_kuhic98@hotmail.com,capsule,2021-10-12,computation,completed
8513059,thelma.herman@hotmail.com,capsule,2021-03-21,view,completed
8513064,alexandro.wyman@gmail.com,capsule,2021-09-06,create,failed
8513069,rodger_cronin@gmail.com,capsule,2021-04-08,create,completed
8513074,haleigh76@gmail.com,dataset,2021-07-23,computation,failed
8513079,carmelo42@hotmail.com,dataset,2021-08-19,computation,stopped
8513084,angelina.block@hotmail.com,capsule,2021-05-20,view,stopped
8513089,brandyn_armstrong91@gmail.com,dataset,2021-03-31,view,completed
8513094,nikki.pfeffer33@hotmail.com,capsule,2021-09-22,create,stopped
8513099,savanah.spinka43@gmail.com,dataset,2021-04-07,view,stopped
8513104,angelina.block@hotmail.com,dataset,2021-05-20,view,stopped
8513109,ezekiel95@yahoo.com,capsule,2021-09-05,create,completed
8513114,carmelo42@hotmail.com,capsule,2021-08-30,create,failed
8513119,sierra22@yahoo.com,capsule,2021-10-23,view,failed
8513124,sammie.stracke3@gmail.com,capsule,2021-11-16,create,completed
8513129,aileen.muller@hotmail.com,capsule,2021-07-11,view,failed
8513134,monica_botsford8@gmail.com,dataset,2021-05-08,computation,stopped
8513139,brandyn_armstrong91@gmail.com,capsule,2021-07-25,view,completed
8513144,carter.carroll@yahoo.com,capsule,2021-03-25,view,stopped
8513149,carter.carroll@yahoo.com,dataset,2021-11-29,computation,completed
8513154,allen.cormier@yahoo.com,capsule,2021-09-14,create,failed
8513159,margaretta_langosh86@gmail.com,dataset,2021-12-01,computation,completed
8513164,ezekiel95@yahoo.com,dataset,2021-07-30,computation,failed
8513169,winfield.mcclure50@gmail.com,dataset,2021-06-25,computation,completed
8513174,margaretta_langosh86@gmail.com,capsule,2021-10-29,view,completed
8513179,andy.kshlerin67@gmail.com,dataset,2021-06-01,view,stopped
8513184,aileen.muller@hotmail.com,capsule,2021-01-12,computation,completed
8513189,chance_murazik90@gmail.com,capsule,2021-07-14,view,completed
8513194,nikki.pfeffer33@hotmail.com,dataset,2021-09-13,create,failed
8513199,monica_botsford8@gmail.com,dataset,2021-07-19,computation,stopped
8513204,rodger_cronin@gmail.com,capsule,2021-07-22,create,completed
8513209,luisa.bartell@gmail.com,capsule,2021-08-08,create,completed
8513214,destiny.lang@hotmail.com,capsule,2021-05-10,computation,completed
8513219,raphael41@yahoo.com,capsule,2021-11-25,computation,failed
8513224,gonzalo20@yahoo.com,dataset,2021-12-15,computation,stopped
8513229,raphael41@yahoo.com,dataset,2021-04-23,view,failed
8513234,thelma.herman@hotmail.com,dataset,2021-09-20,computation,completed
8513239,allen.cormier@yahoo.com,capsule,2021-10-05,create,completed
8513244,carmelo42@hotmail.com,dataset,2021-05-08,create,failed
8513249,thelma.herman@hotmail.com,capsule,2021-08-21,create,stopped
8513254,winfield.mcclure50@gmail.com,capsule,2021-05-26,view,completed
8513259,angelina.block@hotmail.com,dataset,2021-01-08,create,stopped
8513264,angelina.block@hotmail.com,capsule,2021-02-25,computation,stopped
8513269,carmelo42@hotmail.com,capsule,2021-10-20,computation,failed
8513274,winfield.mcclure50@gmail.com,dataset,2021-12-15,create,failed
8513279,destiny.lang@hotmail.com,dataset,2021-03-20,create,failed
8513284,concepcion.bins@hotmail.com,dataset,2021-06-12,view,completed
8513289,joanie.crooks60@yahoo.com,capsule,2021-04-09,computation,failed
8513294,cordell_hackett@yahoo.com,capsule,2021-08-27,computation,failed
8513299,ryder.blick@yahoo.com,capsule,2021-05-29,computation,failed
8513304,maximillian_bayer@hotmail.com,capsule,2021-02-01,view,stopped
8513309,destiny.lang@hotmail.com,dataset,2021-10-19,view,stopped
8513314,darien50@yahoo.com,capsule,2021-07-30,computation,failed
8513319,destiny.lang@hotmail.com,capsule,2021-08-15,view,failed
8513324,lucinda.ankunding3@gmail.com,capsule,2021-02-11,computation,completed
8513329,ashly58@yahoo.com,dataset,2021-03-12,computation,failed
8513334,thelma.herman@hotmail.com,capsule,2021-11-22,view,completed
8513339,aileen.muller@hotmail.com,dataset,2021-11-01,view,failed
8513344,carter.carroll@yahoo.com,capsule,2021-06-18,create,failed
8513349,carmen52@gmail.com,dataset,2021-05-09,create,failed
8513354,dino99@gmail.com,capsule,2021-09-07,view,stopped
8513359,darien50@yahoo.com,capsule,2021-03-20,view,stopped
8513364,nikki.pfeffer33@hotmail.com,capsule,2021-06-01,view,stopped
8513369,rodger_cronin@gmail.com,capsule,2021-03-27,view,completed
8513374,cordell_hackett@yahoo.com,dataset,2021-09-12,create,failed
8513379,ashly58@yahoo.com,capsule,2021-04-30,computation,stopped
8513384,fay83@hotmail.com,capsule,2021-02-10,view,completed
8513389,angelina.block@hotmail.com,dataset,2021-02-09,computation,completed
8513394,norma_crona19@gmail.com,capsule,2021-04-30,create,stopped
8513399,chanel83@gmail.com,capsule,2021-07-07,view,failed
8513404,alexandro.wyman@gmail.com,dataset,2021-02-27,create,stopped
8513409,norma_crona19@gmail.com,dataset,2021-07-28,computation,failed
8513414,raphael41@yahoo.com,capsule,2021-02-23,create,completed
8513419,nelda_ebert@hotmail.com,dataset,2021-10-21,computation,completed
8513424,destiny.lang@hotmail.com,dataset,2021-07-30,create,completed
8513429,darien50@yahoo.com,dataset,2021-06-14,computation,completed
8513434,norma_crona19@gmail.com,dataset,2021-02-15,view,failed
8513439,allen.cormier@yahoo.com,dataset,2021-07-26,view,failed
8513444,darien50@yahoo.com,dataset,2021-02-28,create,stopped
8513449,rodger_cronin@gmail.com,capsule,2021-10-04,computation,completed
8513454,kenna11@hotmail.com,dataset,2021-04-05,computation,completed
8513459,myles31@yahoo.com,dataset,2021-07-23,view,stopped
8513464,carmelo42@hotmail.com,capsule,2021-11-12,create,failed
8513469,andy.kshlerin67@gmail.com,capsule,2021-12-14,create,failed
8513474,thelma.herman@hotmail.com,capsule,2021-10-12,create,completed
8513479,destiny.lang@hotmail.com,dataset,2021-01-27,computation,stopped
8513484,maximillian_bayer@hotmail.com,capsule,2021-08-02,view,completed
8513489,sammie.stracke3@gmail.com,capsule,2021-04-06,create,failed
8513494,carmen52@gmail.com,dataset,2021-11-15,create,stopped
8513499,geoffrey.collier@gmail.com,capsule,2021-04-15,create,stopped
8513504,darien50@yahoo.com,dataset,2021-05-29,create,completed
8513509,carter.carroll@yahoo.com,capsule,2021-12-29,computation,completed
8513514,chanel83@gmail.com,dataset,2021-07-01,create,stopped
8513519,aileen.muller@hotmail.com,dataset,2021-02-08,create,completed
8513524,chance_murazik90@gmail.com,capsule,2021-04-13,computation,stopped
8513529,destiny.lang@hotmail.com,dataset,2021-10-22,computation,completed
8513534,monica_botsford8@gmail.com,capsule,2021-01-02,computation,completed
8513539,lucinda.ankunding3@gmail.com,capsule,2021-03-17,view,failed
8513544,rodger_cronin@gmail.com,dataset,2021-02-02,view,completed
8513549,rodger_cronin@gmail.com,dataset,2021-05-21,computation,completed
8513554,alex_jones@yahoo.com,dataset,2021-08-02,computation,completed
8513559,reece_gorczany38@hotmail.com,dataset,2021-09-16,create,stopped
8513564,andy.kshlerin67@gmail.com,capsule,2021-08-04,computation,failed
8513569,alexandro.wyman@gmail.com,dataset,2021-05-08,create,stopped
8513574,kavon90@yahoo.com,capsule,2021-02-18,create,stopped
8513579,rodger_cronin@gmail.com,capsule,2021-08-09,create,failed
8513584,darien50@yahoo.com,capsule,2021-03-15,computation,completed
8513589,lucinda.ankunding3@gmail.com,dataset,2021-01-18,create,completed
8513594,nikki.pfeffer33@hotmail.com,dataset,2021-12-29,computation,failed
8513599,maximillian_bayer@hotmail.com,capsule,2021-08-03,view,completed
8513604,fay83@hotmail.com,dataset,2021-08-26,computation,completed
8513609,carmelo42@hotmail.com,dataset,2021-05-09,view,completed
8513614,thelma.herman@hotmail.com,dataset,2021-02-18,view,stopped
8513619,stanford94@yahoo.com,dataset,2021-05-04,view,failed
8513624,fay83@hotmail.com,capsule,2021-12-27,create,stopped
8513629,jayde_daugherty@yahoo.com,dataset,2021-06-11,create,failed
8513634,nelda_ebert@hotmail.com,dataset,2021-11-21,computation,stopped
8513639,norma_crona19@gmail.com,capsule,2021-03-27,create,failed
8513644,carmen52@gmail.com,dataset,2021-01-26,view,failed
8513649,chance_murazik90@gmail.com,dataset,2021-05-05,computation,stopped
8513654,sierra22@yahoo.com,dataset,2021-09-06,computation,completed
8513659,haleigh76@gmail.com,capsule,2021-01-23,create,stopped
8513664,destiny.lang@hotmail.com,capsule,2021-04-21,view,failed
8513669,ashly58@yahoo.com,dataset,2021-08-22,create,failed
8513674,monica_botsford8@gmail.com,capsule,2021-06-16,computation,completed
8513679,destiny.lang@hotmail.com,capsule,2021-11-02,view,failed
8513684,ashly58@yahoo.com,capsule,2021-06-11,create,stopped
8513689,sammie.stracke3@gmail.com,dataset,2021-12-31,view,completed
8513694,chanel83@gmail.com,capsule,2021-08-28,computation,stopped
8513699,margaretta_langosh86@gmail.com,dataset,2021-09-10,view,completed
8513704,cordell_hackett@yahoo.com,dataset,2021-05-13,computation,stopped
8513709,alexzander_kuhic98@hotmail.com,dataset,2021-06-27,create,stopped
8513714,darien50@yahoo.com,dataset,2021-01-06,computation,failed
8513719,sammie.stracke3@gmail.com,dataset,2021-04-06,view,stopped
8513724,ryder.blick@yahoo.com,dataset,2021-08-31,create,stopped
8513729,joanie.crooks60@yahoo.com,capsule,2021-08-29,create,completed
8513734,alex_jones@yahoo.com,dataset,2021-07-25,create,failed
8513739,nelda_ebert@hotmail.com,dataset,2021-12-11,view,stopped
8513744,angelina.block@hotmail.com,dataset,2021-08-05,view,completed
8513749,chanel83@gmail.com,dataset,2021-06-12,view,completed
8513754,alexzander_kuhic98@hotmail.com,dataset,2021-02-14,view,failed
8513759,nikki.pfeffer33@hotmail.com,capsule,2021-08-19,create,failed
8513764,ezekiel95@yahoo.com,capsule,2021-02-18,view,completed
8513769,gonzalo20@yahoo.com,dataset,2021-05-09,computation,stopped
8513774,andy.kshlerin67@gmail.com,dataset,2021-09-11,view,failed
8513779,sammie.stracke3@gmail.com,capsule,2021-05-02,computation,stopped
8513784,concepcion.bins@hotmail.com,capsule,2021-01-09,computation,completed
8513789,kavon90@yahoo.com,dataset,2021-10-30,create,completed
8513794,destiny.lang@hotmail.com,dataset,2021-12-18,view,completed
8513799,jayde_daugherty@yahoo.com,capsule,2021-02-17,create,completed
8513804,monica_botsford8@gmail.com,capsule,2021-11-24,view,stopped
8513809,kenna11@hotmail.com,capsule,2021-07-24,create,completed
8513814,alex_jones@yahoo.com,dataset,2021-08-03,create,completed
8513819,allen.cormier@yahoo.com,capsule,2021-12-25,create,completed
8513824,ambrose.leuschke@hotmail.com,dataset,2021-04-26,computation,completed
8513829,monica_botsford8@gmail.com,capsule,2021-07-04,view,failed
8513834,ambrose.leuschke@hotmail.com,capsule,2021-02-08,create,failed
8513839,andy.kshlerin67@gmail.com,dataset,2021-03-01,view,stopped
8513844,fay83@hotmail.com,capsule,2021-02-13,view,completed
8513849,luisa.bartell@gmail.com,capsule,2021-12-05,computation,failed
8513854,dino99@gmail.com,capsule,2021-06-16,create,failed
8513859,destiny.lang@hotmail.com,capsule,2021-09-18,create,completed
8513864,reece_gorczany38@hotmail.com,capsule,2021-04-13,computation,stopped
8513869,monica_botsford8@gmail.com,dataset,2021-11-27,computation,failed
8513874,alex_jones@yahoo.com,dataset,2021-05-29,computation,stopped
8513879,maximillian_bayer@hotmail.com,capsule,2021-05-19,computation,stopped
8513884,ambrose.leuschke@hotmail.com,capsule,2021-02-23,create,failed
8513889,dino99@gmail.com,capsule,2021-11-08,computation,failed
8513894,thelma.herman@hotmail.com,capsule,2021-05-19,view,stopped
8513899,kavon90@yahoo.com,dataset,2021-10-30,view,failed
8513904,kenna11@hotmail.com,capsule,2021-02-22,computation,stopped
8513909,chanel83@gmail.com,dataset,2021-12-13,computation,stopped
8513914,ashly58@yahoo.com,dataset,2021-07-05,view,failed
8513919,allen.cormier@yahoo.com,dataset,2021-11-08,view,stopped
8513924,melany45@gmail.com,dataset,2021-12-16,computation,completed
8513929,luisa.bartell@gmail.com,dataset,2021-01-06,view,failed
8513934,nikki.pfeffer33@hotmail.com,dataset,2021-10-19,view,stopped
8513939,haleigh76@gmail.com,capsule,2021-10-03,view,stopped
8513944,savanah.spinka43@gmail.com,dataset,2021-02-28,computation,failed
8513949,concepcion.bins@hotmail.com,dataset,2021-07-11,create,failed
8513954,dino99@gmail.com,capsule,2021-08-10,create,failed
8513959,allen.cormier@yahoo.com,dataset,2021-11-30,computation,completed
8513964,raphael41@yahoo.com,dataset,2021-04-14,view,failed
8513969,cordell_hackett@yahoo.com,capsule,2021-10-03,computation,stopped
8513974,concepcion.bins@hotmail.com,dataset,2021-01-25,create,completed
8513979,jayde_daugherty@yahoo.com,capsule,2021-05-19,computation,failed
8513984,haleigh76@gmail.com,dataset,2021-02-07,view,completed
8513989,haleigh76@gmail.com,dataset,2021-03-04,view,completed
8513994,chanel83@gmail.com,dataset,2021-10-26,create,completed
8513999,myles31@yahoo.com,capsule,2021-10-12,computation,stopped
8514004,ambrose.leuschke@hotmail.com,capsule,2021-05-27,view,completed
8514009,lucinda.ankunding3@gmail.com,capsule,2021-02-02,computation,failed
8514014,nikki.pfeffer33@hotmail.com,dataset,2021-11-22,computation,stopped
8514019,dino99@gmail.com,dataset,2021-12-13,computation,failed
8514024,alexzander_kuhic98@hotmail.com,dataset,2021-07-13,create,failed
8514029,carmen52@gmail.com,capsule,2021-07-04,view,completed
8514034,carter.carroll@yahoo.com,dataset,2021-07-14,computation,failed
8514039,sierra22@yahoo.com,dataset,2021-08-25,view,completed
8514044,chanel83@gmail.com,capsule,2021-05-03,computation,failed
8514049,chance_murazik90@gmail.com,capsule,2021-03-24,computation,completed
8514054,raphael41@yahoo.com,capsule,2021-06-13,view,completed
8514059,brandyn_armstrong91@gmail.com,dataset,2021-11-11,create,failed
8514064,ryder.blick@yahoo.com,capsule,2021-08-03,create,stopped
8514069,stanford94@yahoo.com,dataset,2021-04-13,create,completed
8514074,andy.kshlerin67@gmail.com,dataset,2021-11-02,computation,completed
8514079,alexzander_kuhic98@hotmail.com,capsule,2021-04-23,create,stopped
8514084,geoffrey.collier@gmail.com,dataset,2021-04-28,view,failed
8514089,allen.cormier@yahoo.com,dataset,2021-02-08,view,failed
8514094,stanford94@yahoo.com,capsule,2021-12-26,view,stopped
8514099,monica_botsford8@gmail.com,dataset,2021-01-31,view,completed
8514104,concepcion.bins@hotmail.com,dataset,2021-11-12,computation,failed
8514109,chanel83@gmail.com,dataset,2021-12-25,view,stopped
8514114,thelma.herman@hotmail.com,dataset,2021-06-09,view,completed
8514119,margaretta_langosh86@gmail.com,dataset,2021-11-20,create,stopped
8514124,mckenzie73@gmail.com,capsule,2021-02-07,view,stopped
8514129,carmen52@gmail.com,capsule,2021-10-09,create,stopped
8514134,rodger_cronin@gmail.com,capsule,2021-10-13,create,stopped
8514139,luisa.bartell@gmail.com,dataset,2021-09-12,create,completed
8514144,darien50@yahoo.com,dataset,2021-12-09,create,stopped
8514149,sierra22@yahoo.com,capsule,2021-09-19,create,failed
8514154,destiny.lang@hotmail.com,dataset,2021-08-01,view,completed
8514159,destiny.lang@hotmail.com,capsule,2021-11-15,view,stopped
8514164,stanford94@yahoo.com,capsule,2021-02-02,view,completed
8514169,andy.kshlerin67@gmail.com,dataset,2021-02-14,computation,stopped
8514174,sammie.stracke3@gmail.com,capsule,2021-09-11,view,completed
8514179,lucinda.ankunding3@gmail.com,dataset,2021-07-08,create,stopped
8514184,maximillian_bayer@hotmail.com,dataset,2021-01-19,create,stopped
8514189,margaretta_langosh86@gmail.com,dataset,2021-12-25,view,completed
8514194,nikki.pfeffer33@hotmail.com,dataset,2021-02-22,view,completed
8514199,destiny.lang@hotmail.com,capsule,2021-10-07,create,completed
8514204,lucinda.ankunding3@gmail.com,dataset,2021-08-16,computation,stopped
8514209,kenna11@hotmail.com,capsule,2021-11-22,create,stopped
8514214,luisa.bartell@gmail.com,capsule,2021-04-12,view,stopped
8514219,jayde_daugherty@yahoo.com,capsule,2021-12-17,view,failed
8514224,rodger_cronin@gmail.com,capsule,2021-01-17,view,stopped
8514229,destiny.lang@hotmail.com,dataset,2021-06-13,create,failed
8514234,margaretta_langosh86@gmail.com,capsule,2021-09-18,computation,completed
8514239,ambrose.leuschke@hotmail.com,dataset,2021-03-07,create,stopped
8514244,maximillian_bayer@hotmail.com,capsule,2021-06-24,computation,failed
8514249,haleigh76@gmail.com,capsule,2021-10-08,computation,failed
8514254,alex_jones@yahoo.com,capsule,2021-03-13,computation,failed
8514259,rodger_cronin@gmail.com,capsule,2021-08-25,computation,stopped
8514264,alex_jones@yahoo.com,dataset,2021-02-05,view,failed
8514269,margaretta_langosh86@gmail.com,capsule,2021-10-15,create,failed
8514274,brandyn_armstrong91@gmail.com,capsule,2021-12-24,view,completed
8514279,sierra22@yahoo.com,capsule,2021-10-02,view,stopped
8514284,alexzander_kuhic98@hotmail.com,dataset,2021-07-12,view,completed
8514289,norma_crona19@gmail.com,dataset,2021-11-21,computation,stopped
8514294,luisa.bartell@gmail.com,capsule,2021-10-12,create,failed
8514299,ambrose.leuschke@hotmail.com,dataset,2021-11-24,view,stopped
8514304,destiny.lang@hotmail.com,dataset,2021-01-07,view,stopped
8514309,melany45@gmail.com,capsule,2021-03-01,view,failed
8514314,mckenzie73@gmail.com,dataset,2021-07-30,view,completed
8514319,alexzander_kuhic98@hotmail.com,capsule,2021-08-13,create,failed
8514324,allen.cormier@yahoo.com,capsule,2021-08-06,view,completed
8514329,mckenzie73@gmail.com,dataset,2021-04-05,view,failed
8514334,andy.kshlerin67@gmail.com,capsule,2021-06-03,computation,stopped
8514339,cordell_hackett@yahoo.com,dataset,2021-12-13,computation,stopped
8514344,myles31@yahoo.com,dataset,2021-02-15,create,failed
8514349,chance_murazik90@gmail.com,dataset,2021-11-28,computation,completed
8514354,luisa.bartell@gmail.com,dataset,2021-02-09,computation,stopped
8514359,ryder.blick@yahoo.com,dataset,2021-10-24,computation,stopped
8514364,norma_crona19@gmail.com,dataset,2021-01-19,computation,stopped
8514369,angelina.block@hotmail.com,dataset,2021-12-10,create,failed
8514374,winfield.mcclure50@gmail.com,dataset,2021-08-27,computation,completed
8514379,nelda_ebert@hotmail.com,capsule,2021-06-08,create,failed
8514384,savanah.spinka43@gmail.com,dataset,2021-03-13,computation,failed
8514389,carmelo42@hotmail.com,dataset,2021-12-19,create,stopped
8514394,sammie.stracke3@gmail.com,dataset,2021-10-05,view,failed
8514399,chance_murazik90@gmail.com,capsule,2021-10-07,create,stopped
8514404,rodger_cronin@gmail.com,dataset,2021-10-09,view,completed
8514409,carmelo42@hotmail.com,dataset,2021-09-17,view,completed
8514414,melany45@gmail.com,dataset,2021-04-26,create,failed
8514419,luisa.bartell@gmail.com,dataset,2021-08-01,view,completed
8514424,mckenzie73@gmail.com,dataset,2021-02-13,view,stopped
8514429,ambrose.leuschke@hotmail.com,capsule,2021-05-27,view,completed
8514434,rodger_cronin@gmail.com,capsule,2021-11-19,computation,completed
8514439,kavon90@yahoo.com,dataset,2021-02-10,view,completed
8514444,savanah.spinka43@gmail.com,dataset,2021-12-15,computation,stopped
8514449,reece_gorczany38@hotmail.com,capsule,2021-01-15,view,completed
8514454,darien50@yahoo.com,capsule,2021-03-04,view,completed
8514459,savanah.spinka43@gmail.com,dataset,2021-05-26,computation,failed
8514464,destiny.lang@hotmail.com,capsule,2021-02-09,computation,failed
8514469,angelina.block@hotmail.com,dataset,2021-01-10,create,failed
8514474,savanah.spinka43@gmail.com,dataset,2021-09-10,create,failed
8514479,sammie.stracke3@gmail.com,dataset,2021-01-28,create,completed
8514484,ezekiel95@yahoo.com,dataset,2021-05-08,create,failed
8514489,concepcion.bins@hotmail.com,capsule,2021-12-31,computation,stopped
8514494,chanel83@gmail.com,dataset,2021-05-14,view,stopped
8514499,maximillian_bayer@hotmail.com,capsule,2021-01-12,computation,completed
8514504,reece_gorczany38@hotmail.com,dataset,2021-11-17,computation,completed
8514509,sierra22@yahoo.com,capsule,2021-11-09,view,stopped
8514514,nikki.pfeffer33@hotmail.com,capsule,2021-11-07,create,stopped
8514519,kavon90@yahoo.com,capsule,2021-12-10,view,completed
8514524,sammie.stracke3@gmail.com,capsule,2021-12-18,create,stopped
8514529,ezekiel95@yahoo.com,dataset,2021-05-02,create,completed
8514534,andy.kshlerin67@gmail.com,dataset,2021-05-10,create,completed
8514539,andy.kshlerin67@gmail.com,dataset,2021-09-04,view,completed
8514544,dino99@gmail.com,dataset,2021-01-28,create,failed
8514549,ambrose.leuschke@hotmail.com,capsule,2021-09-28,computation,completed
8514554,sammie.stracke3@gmail.com,capsule,2021-05-03,computation,stopped
8514559,nelda_ebert@hotmail.com,dataset,2021-11-30,view,stopped
8514564,darien50@yahoo.com,dataset,2021-10-13,computation,failed
8514569,concepcion.bins@hotmail.com,dataset,2021-02-02,view,stopped
8514574,lucinda.ankunding3@gmail.com,capsule,2021-01-22,view,stopped
8514579,rodger_cronin@gmail.com,dataset,2021-02-24,computation,stopped
8514584,fay83@hotmail.com,dataset,2021-10-26,computation,completed
8514589,sammie.stracke3@gmail.com,capsule,2021-02-15,create,completed
8514594,destiny.lang@hotmail.com,capsule,2021-03-19,view,completed
8514599,alexzander_kuhic98@hotmail.com,capsule,2021-06-21,create,failed
8514604,angelina.block@hotmail.com,dataset,2021-03-31,computation,stopped
8514609,mckenzie73@gmail.com,capsule,2021-10-06,create,completed
8514614,concepcion.bins@hotmail.com,capsule,2021-03-20,create,completed
8514619,jayde_daugherty@yahoo.com,capsule,2021-06-29,computation,failed
8514624,alexzander_kuhic98@hotmail.com,capsule,2021-08-12,computation,failed
8514629,raphael41@yahoo.com,capsule,2021-03-08,view,completed
8514634,rodger_cronin@gmail.com,dataset,2021-04-01,view,stopped
8514639,allen.cormier@yahoo.com,capsule,2021-02-20,view,failed
8514644,geoffrey.collier@gmail.com,dataset,2021-07-22,computation,stopped
8514649,haleigh76@gmail.com,capsule,2021-06-30,create,completed
8514654,ashly58@yahoo.com,dataset,2021-11-17,create,completed
8514659,darien50@yahoo.com,capsule,2021-05-17,view,failed
8514664,darien50@yahoo.com,dataset,2021-01-23,computation,stopped
8514669,norma_crona19@gmail.com,dataset,2021-01-12,create,failed
8514674,carmelo42@hotmail.com,capsule,2021-07-19,create,stopped
8514679,ambrose.leuschke@hotmail.com,dataset,2021-09-24,create,stopped
8514684,sammie.stracke3@gmail.com,capsule,2021-12-29,computation,failed
8514689,carmen52@gmail.com,dataset,2021-05-13,view,stopped
8514694,mckenzie73@gmail.com,dataset,2021-10-03,computation,failed
8514699,stanford94@yahoo.com,dataset,2021-01-08,view,stopped
8514704,raphael41@yahoo.com,capsule,2021-04-02,computation,stopped
8514709,gonzalo20@yahoo.com,dataset,2021-05-05,view,completed
8514714,destiny.lang@hotmail.com,capsule,2021-07-05,create,completed
8514719,destiny.lang@hotmail.com,capsule,2021-11-25,view,failed
8514724,melany45@gmail.com,dataset,2021-11-22,create,stopped
8514729,concepcion.bins@hotmail.com,capsule,2021-12-20,view,completed
8514734,reece_gorczany38@hotmail.com,dataset,2021-06-04,computation,failed
8514739,carmelo42@hotmail.com,capsule,2021-07-26,view,completed
8514744,jayde_daugherty@yahoo.com,capsule,2021-09-21,view,completed
8514749,savanah.spinka43@gmail.com,dataset,2021-08-05,view,stopped
8514754,ezekiel95@yahoo.com,capsule,2021-01-30,create,stopped
8514759,rodger_cronin@gmail.com,dataset,2021-01-24,view,completed
8514764,aileen.muller@hotmail.com,capsule,2021-11-20,computation,completed
8514769,alexzander_kuhic98@hotmail.com,dataset,2021-07-27,view,completed
8514774,melany45@gmail.com,capsule,2021-01-25,view,failed
8514779,ezekiel95@yahoo.com,capsule,2021-06-12,view,completed
8514784,winfield.mcclure50@gmail.com,dataset,2021-03-31,view,stopped
8514789,sammie.stracke3@gmail.com,capsule,2021-11-08,computation,stopped
8514794,thelma.herman@hotmail.com,capsule,2021-08-17,view,failed
8514799,gonzalo20@yahoo.com,capsule,2021-01-03,view,failed
8514804,carter.carroll@yahoo.com,dataset,2021-01-12,computation,completed
8514809,joanie.crooks60@yahoo.com,dataset,2021-02-12,computation,failed
8514814,darien50@yahoo.com,dataset,2021-06-28,view,stopped
8514819,kenna11@hotmail.com,dataset,2021-03-08,computation,stopped
8514824,margaretta_langosh86@gmail.com,capsule,2021-10-25,create,completed
8514829,ezekiel95@yahoo.com,dataset,2021-02-12,computation,stopped
8514834,rodger_cronin@gmail.com,dataset,2021-06-17,view,completed
8514839,alexzander_kuhic98@hotmail.com,dataset,2021-07-09,computation,failed
8514844,ambrose.leuschke@hotmail.com,dataset,2021-07-14,computation,failed
8514849,fay83@hotmail.com,dataset,2021-05-18,create,stopped
8514854,carmen52@gmail.com,capsule,2021-05-21,create,stopped
8514859,rodger_cronin@gmail.com,capsule,2021-01-03,computation,stopped
8514864,myles31@yahoo.com,dataset,2021-07-12,computation,failed
8514869,monica_botsford8@gmail.com,dataset,2021-11-27,computation,stopped
8514874,chance_murazik90@gmail.com,dataset,2021-09-30,view,failed
8514879,lucinda.ankunding3@gmail.com,dataset,2021-02-02,view,completed
8514884,brandyn_armstrong91@gmail.com,capsule,2021-04-05,create,stopped
8514889,andy.kshlerin67@gmail.com,dataset,2021-12-31,view,failed
8514894,ryder.blick@yahoo.com,capsule,2021-10-10,view,completed
8514899,myles31@yahoo.com,dataset,2021-02-16,view,failed
8514904,nikki.pfeffer33@hotmail.com,capsule,2021-12-03,view,stopped
8514909,cordell_hackett@yahoo.com,capsule,2021-01-02,computation,failed
8514914,nikki.pfeffer33@hotmail.com,capsule,2021-10-03,create,completed
8514919,alex_jones@yahoo.com,capsule,2021-01-15,view,failed
8514924,chanel83@gmail.com,dataset,2021-02-13,computation,failed
8514929,alexzander_kuhic98@hotmail.com,dataset,2021-03-18,create,completed
